{
    "8743423577": {
        "score": 807,
        "click_history": {
            "1": 1780560448.5012255
        },
        "a_gagne": false,
        "parrain": null,
        "ses_filleuls": [],
        "miners": {
            "cpu": 0,
            "gpu": 0
        }
    },
    "6046697939": {
        "score": 1802,
        "click_history": {
            "bonus": 1780563709.4132142,
            "4": 1780563773.4785523
        },
        "a_gagne": false,
        "ses_filleuls": [],
        "miners": {
            "cpu": 0,
            "gpu": 0
        }
    }
}